fnum,apron
1534,230
1536,231
1538,211
1539,214
1540,227
1543,235
1545,107
1546,226
1547,113
1548,106
1551,104
1552,116
1554,117
1558,107
1560,109
1563,103
1564,505
1565,116
1566,109
1568,504
1569,113
1570,FX19
1571,FX10
1572,117
1573,FX08
1575,FX23
1576,508
1577,FX15
1579,FX14
1580,504
1581,505
1582,FX17
1583,503
1584,109
1585,FX21
1587,123
1588,L238
1589,L303
1590,126
1592,508
1593,113
1594,L121
1595,237
1596,L140
1597,117
1598,LGY10
1599,236
1600,308
1601,L515
1602,231
1603,220
1605,504
1606,L138
1607,L227
1608,GY10
1609,210
1610,LGY07
1611,310
1612,405
1613,130
1614,240
1615,228
1616,LGY03
1617,139
1618,437
1619,305
1620,212
1621,432
1624,307
1625,311
1626,GY01
1627,306
1628,GY08
1629,135
1630,225
1631,406
1633,230
1634,226
1635,312
1636,219
1637,232
1638,GY09
1639,LGY06
1641,507YJ
1642,217
1643,GY02
1645,235
1646,258
1647,436
1649,227
1653,506ZJ
1654,136
1656,234
1659,222
1660,207
1663,401
1664,515YJ
1666,229
1667,410
1668,L301
1670,308
1671,259
1672,274
1674,116
1675,201
1676,304
1677,123
1678,435
1679,213
1681,107
1682,GY11
1683,239
1685,403
1689,103
1690,215
1691,122
1692,114
1693,112
1697,408
1701,138
1703,106
1704,275
1705,120
1708,113
1709,268
1712,131
1713,409
1714,402
1716,267
1717,124
1718,208
1719,224
1720,407
1721,GY12
1722,207
1723,132
1724,214
1726,217
1727,109
1728,413A
1729,228
1730,231
1731,130
1502,120
1503,205
1504,230
1505,208
1506,220
1507,125
1508,227
1509,107
1510,234
1511,229
1513,218
1514,213
1515,219
1516,232
1517,132
1518,217
1519,117
1520,211
1521,207
1522,225
1523,235
1524,306
1525,122
1526,112
1527,210
1528,114
1529,224
1530,506
1531,228
1532,215
1533,104
1535,L140
1537,505
1541,109
1544,507
1549,307
1550,504
1555,103
1556,105
1557,508
1559,123
1561,503
1567,509ZJ
1574,FX28
1578,511
1586,501ZJ
1591,411
1604,203
1622,271
1623,313
1632,309
1640,502YJ
1644,238
1648,501L
1650,223
1651,GY04
1652,264
1655,GY05
1657,GY06
1658,272
1661,204
1662,270
1665,129
1669,202
1673,420
1680,302
1684,301
1686,128
1687,115
1688,419A
1694,127
1695,121
1696,256
1698,216
1699,133
1700,513YJ
1702,514ZJ
1706,416A
1707,206
1710,434
1711,140
1715,111
1725,118
1732,303
1733,433
1734,235
1735,117
1736,125
1737,263
1738,103
1739,215
1740,233
1741,218
1742,205
1743,222
1744,269
1745,209
1746,226
1747,230
1748,GY03
1749,118
1750,223
1751,277
1752,509L
1753,229
1754,276
1755,234
1756,137
1757,216
1758,204
1759,121
1760,131
1761,128
1762,210
1763,130
1764,219
1765,232
1766,228
1767,225
1768,126
1769,514L
1772,208
1773,101
1774,221
1775,116
1783,224
1785,217
1787,119
1789,231
1790,105
1791,129
1796,271
1800,278
1806,220
1807,203
1814,257
1816,206
1817,421
1825,108
1833,211
1836,102
1845,213
1861,GY07
1869,512L
1885,404
1892,110
1893,104
1962,273
1996,124
2053,422
2139,503
2140,FX01
2156,508
2166,506L
2190,512ZJ
2200,510YJ
2322,501ZJ
2697,FX16
2711,FX03
3247,515YJ
3261,513YJ
3285,FX20
3288,FX18
1877,211
1881,120
1882,112
1886,201
1887,214
1889,233
1894,132
1895,116
1896,203
1898,125
1899,216
1900,224
1901,113
1902,219
1904,217
1905,206
1907,208
1908,268
1909,227
1910,121
1911,212
1912,421
1913,107
1914,237
1915,126
1916,228
1917,109
1918,202
1919,129
1920,231
1921,127
1922,131
1923,223
1924,122
1925,201
1926,117
1927,213
1928,205
1929,222
1930,218
1931,215
1932,206
1933,210
1934,235
1935,119
1936,221
1938,130
1939,128
1940,111
1941,211
1942,227
1943,216
1944,220
1945,102
1946,112
1947,123
1948,224
1949,203
1950,125
1951,133
1952,207
1953,204
1954,302
1955,217
1956,209
1957,132
1958,230
1959,257
1960,118
1961,127
1963,231
1964,226
1965,201
1966,223
1967,129
1968,213
1969,229
1970,214
1971,107
1972,115
1973,131
1974,263
1975,218
1976,222
1977,101
1978,212
1979,202
1980,219
1981,126
1982,104
1983,228
1984,232
1985,216
1986,233
1987,225
1988,224
1989,205
1990,125
1991,235
1992,227
1993,208
1994,203
1995,215
1997,223
1998,217
1999,211
2000,130
2002,220
2003,213
2004,435
2005,132
2006,128
2007,110
2008,219
2009,127
2010,301
2011,218
2012,309
2013,209
2014,204
2015,214
2016,210
2017,108
2018,122
2019,230
2020,226
2021,257
2022,234
2023,205
2024,221
2025,126
2026,202
2027,216
2028,420
2029,125
2030,208
2031,133
2032,114
2033,302
2034,131
2035,432
2036,130
2037,223
2038,212
2039,211
2040,224
2041,129
2042,233
2043,220
2044,217
2045,203
2046,115
2047,219
2048,231
2049,225
2050,229
2051,207
2052,201
2054,216
2055,235
2056,222
2057,210
2058,120
2059,124
2060,234
2061,132
2062,121
2063,133
2064,213
2065,305
2066,128
2067,202
2068,131
2069,227
2070,209
2071,214
2072,107
2073,212
2074,221
2075,219
2076,217
2077,108
2078,110
2079,205
2080,104
2081,207
2082,127
2083,406
2085,203
2086,129
2087,225
2088,125
2089,117
2090,216
2091,130
2092,434
2093,124
2094,112
2095,220
2096,209
2097,230
2098,201
2099,232
2100,202
2101,132
2102,114
2103,227
2104,210
2105,228
2106,231
2107,211
2108,214
2110,131
2111,208
2112,222
2113,226
2114,235
2115,101
2116,213
2117,221
2118,102
2119,306
2120,225
2121,229
2122,FX11
2123,207
2124,109
2125,230
2126,232
2127,222
2128,201
2129,231
2130,116
2132,227
2133,234
2134,102
2135,122
2136,117
2137,308
2138,118
2141,402
2142,401
2143,307
2144,104
2145,109
2146,106
1834,219
1835,201
1837,218
1838,231
1839,125
1840,221
1841,129
1842,227
1843,216
1844,233
1846,203
1847,209
1848,217
1849,228
1850,103
1851,115
1852,212
1853,128
1854,111
1855,226
1856,310
1857,133
1858,208
1859,223
1860,206
1862,230
1863,403
1864,220
1865,224
1866,122
1867,130
1868,202
1870,205
1871,107
1872,131
1873,117
1874,307
1875,232
1876,GY10
1878,234
1879,126
1880,437
1884,215
1888,210
1890,229
1891,118
1897,235
1903,204
1906,207
1937,225
2001,270
2084,105
2147,122
2148,117
2149,511
2150,505
2151,118
2152,103
2153,502
2155,503
2160,104
2165,225
2167,226
2168,507YJ
2171,240
2173,403
2175,235
2176,L303
2177,432
2179,311
2180,229
2181,220
2182,GY09
2183,128
2184,LGY03
2185,304
2187,310
2188,267
2189,257
2192,236
2194,272
2195,127
2196,433
2197,208
2198,420
2199,GY11
2201,234
2202,406
2203,GY07
2204,138
2205,435
2207,402
2208,309
2209,313
2210,239
2211,228
2212,302
2213,GY10
2214,121
2215,GY03
2216,230
2217,308
2218,214
2219,136
2220,306
2221,416A
2222,GY06
2224,273
2225,219
2226,263
2228,509ZJ
2229,GY12
2230,GY01
2231,GY04
2232,275
2234,221
2235,268
2236,218
2237,232
2238,264
2239,129
2240,215
2242,231
2243,210
2244,223
2245,405
2246,278
2247,112
2248,436
2249,409
2250,269
2252,L515
2253,211
2254,217
2255,202
2256,107
2258,401
2259,135
2260,GY02
2262,101
2263,125
2264,259
2265,123
2266,105
2267,114
2268,212
2269,271
2272,124
2273,434
2275,GY08
2277,256
2278,206
2279,115
2280,407
2281,132
2282,512L
2283,108
2284,GY05
2285,437
2286,130
2287,209
2289,102
2290,227
2291,270
2293,222
2294,126
2295,120
2300,404
2301,305
2302,137
2303,133
2304,301
2307,233
2309,203
2312,207
2313,258
2318,413A
2319,204
2321,422
2324,131
2338,419A
2343,205
2354,111
2365,274
2366,303
2372,110
2373,L140
2392,140
2398,119
2400,113
2405,410
2413,312
2430,408
2438,509L
2451,277
2462,276
2696,FX22
2749,506ZJ
2779,421
3860,108
3861,115
3862,107
3866,L216
3867,102
3881,506
3890,305
3927,129
3933,221
3943,118
3951,210
3964,105
3974,126
3976,116
3979,107
3982,233
3989,128
3992,220
3996,117
3998,230
3999,204
4003,306
4006,110
4007,209
4009,205
4013,226
4014,208
4017,234
4019,120
4020,222
4021,216
4023,218
4024,229
4026,228
4028,214
4029,221
4030,118
4031,132
4032,128
4033,210
4034,201
4035,232
4036,217
4038,224
4039,308
4041,133
4042,235
4043,212
4045,108
4048,116
4049,223
4050,233
4051,225
4052,202
4053,208
4054,268
4055,230
4056,227
4057,209
4058,226
4059,219
4061,125
4062,231
4063,126
4064,203
4065,234
4066,301
4067,106
4068,222
4069,213
4072,235
4073,312
4074,214
4075,229
4076,127
4077,204
4078,220
4081,232
4082,228
4083,GY11
4084,216
4085,221
4086,210
4087,206
4088,117
4089,212
4091,128
4092,240
4093,215
4094,139
4095,110
4096,233
4097,116
4098,119
4099,121
4100,205
4102,217
4103,132
4105,231
4106,208
4107,203
4108,209
4109,131
4111,130
4112,201
4114,235
4115,113
4116,216
4117,222
4118,125
4119,218
4120,229
4121,223
4122,211
4123,232
4124,106
4125,111
4126,214
4127,129
4128,234
4129,GY07
4130,205
4131,221
4132,202
4133,124
4134,210
4135,230
4136,114
4137,206
4138,226
4139,213
4140,313
4141,219
4142,107
4145,227
4146,306
4147,133
4148,217
4149,224
4150,127
4151,GY05
4152,102
4153,220
4154,215
4155,201
4156,208
4157,233
4158,228
4159,112
4160,105
4161,120
4162,104
4163,125
4164,225
4165,214
4166,234
4167,101
4168,212
4169,202
4171,207
4172,223
4173,275
4174,218
4175,308
4176,110
4177,204
4179,226
4180,131
4181,229
4182,222
4183,116
4184,213
4185,129
4186,231
4187,216
4188,436
4189,128
4190,112
4191,117
4192,209
4193,220
4194,210
4195,203
4196,215
4197,235
4198,121
4199,206
4200,227
4201,123
4202,277
4203,127
4204,130
4205,205
4206,113
4207,214
4208,232
4209,120
4210,104
4211,108
4212,201
4213,233
4214,224
4215,124
4217,219
4218,211
4219,202
4220,234
3857,FX15
3858,506
3859,FX21
3863,227
3864,129
3865,239
3868,226
3869,501
3870,269
3871,GY03
3872,304
3873,278
3874,228
3875,433
3876,512L
3877,135
3878,230
3879,268
3880,256
3882,235
3883,309
3884,LGY06
3885,208
3886,233
3887,GY09
3888,137
3889,213
3891,GY11
3892,238
3893,223
3894,408
3895,GY05
3896,126
3897,214
3898,409
3899,267
3900,313
3901,240
3902,140
3903,274
3904,311
3905,205
3906,306
3907,136
3908,224
3909,L113
3910,GY12
3911,237
3912,420
3913,139
3914,122
3915,234
3916,231
3917,312
3918,209
3919,270
3920,302
3921,225
3922,201
3923,436
3924,273
3925,GY01
3926,301
3928,GY04
3929,310
3930,220
3931,236
3932,263
3934,207
3935,218
3936,204
3937,421
3938,128
3939,232
3940,229
3941,275
3942,217
3944,276
3945,434
3946,504ZJ
3947,211
3948,264
3950,222
3952,257
3953,401
3954,113
3955,120
3956,138
3957,410
3958,GY06
3959,432
3960,416A
3961,308
3962,123
3963,510ZJ
3965,119
3966,219
3967,110
3968,271
3969,133
3970,258
3971,216
3972,132
3973,407
3975,GY10
3977,510L
3978,121
3980,124
3981,403
3983,131
3984,259
3985,112
3986,509ZJ
3987,127
3988,202
3990,GY02
3991,277
3993,GY08
3994,114
3995,212
3997,GY07
4000,125
4001,435
4002,406
4004,504L
4005,130
4008,L515
4010,215
4012,404
4015,203
4016,437
4018,303
4022,422
4025,402
4027,515YJ
4037,505YJ
4040,511YJ
4044,206
4060,111
4070,307
4071,272
4079,109
4090,405
4101,419A
4104,104
4110,514L
4113,101
4143,103
4216,413A
4221,125
4222,229
4223,268
4224,212
4225,111
4226,133
4227,434
4228,228
4229,230
4230,218
4231,222
4232,207
4233,102
4234,215
4235,128
4236,231
4237,204
4238,131
4239,118
4240,307
4241,123
4242,223
4243,216
4244,208
4245,220
4246,127
4247,227
4248,214
4249,232
4250,225
4251,209
4252,129
4253,226
4254,235
4255,233
4256,205
4258,217
4261,126
4262,213
4264,257
4267,132
4276,437
4277,309
4278,221
4280,130
4281,119
4288,109
4295,115
4298,271
4311,277
4356,506
4359,401
4386,L515
4398,104
4399,510
4405,110
4408,502
4415,509
4417,508
4420,103
4421,106
4426,507
4429,503ZJ
4450,FX20
4545,513YJ
4571,514ZJ
4830,512ZJ
4443,508
4449,LGY07
4453,FX17
4454,510
4455,509
4456,102
4460,510
4462,508
4465,104
4538,110
4546,113
4553,116
4557,215
4562,131
4563,125
4564,102
4565,221
4579,227
4582,213
4583,114
4586,211
4587,105
4590,235
4591,218
4592,212
4596,117
4600,116
4603,201
4605,223
4608,226
4609,231
4611,420
4612,114
4613,217
4615,222
4616,229
4618,234
4620,208
4621,219
4622,110
4623,128
4624,130
4625,214
4626,202
4627,227
4629,224
4630,233
4631,129
4633,235
4634,132
4635,218
4638,105
4639,203
4640,225
4641,306
4643,209
4644,230
4645,228
4646,232
4647,GY01
4648,213
4651,126
4652,240
4653,127
4654,222
4655,201
4656,217
4657,226
4658,208
4659,215
4662,224
4663,219
4664,125
4665,231
4666,GY11
4667,205
4668,220
4670,227
4671,130
4672,128
4673,234
4674,207
4675,216
4676,212
4677,110
4678,221
4679,218
4680,209
4681,206
4682,229
4683,GY07
4684,213
4685,118
4686,225
4688,105
4689,123
4690,127
4691,121
4692,420
4693,133
4695,203
4696,115
4697,211
4698,222
4699,233
4700,202
4701,124
4702,129
4703,235
4704,219
4705,230
4706,126
4707,204
4708,201
4709,214
4710,223
4711,228
4712,116
4713,215
4714,128
4715,226
4716,309
4717,216
4718,205
4719,131
4720,231
4721,108
4722,304
4723,206
4724,224
4725,112
4726,127
4727,303
4728,208
4729,220
4730,218
4731,107
4732,132
4733,103
4734,225
4735,125
4736,210
4737,232
4738,130
4739,227
4428,L140
4430,510
4432,104
4433,LGY03
4434,FX15
4435,113
4436,106
4437,FX22
4438,511
4439,FX19
4440,FX04
4441,FX03
4442,117
4444,507
4445,FX24
4446,110
4447,FX13
4448,FX11
4451,FX06
4452,FX26
4457,GY04
4458,276
4459,125
4461,226
4463,270
4464,436
4466,236
4467,201
4468,229
4469,311
4470,308
4471,212
4472,224
4473,309
4474,138
4475,277
4476,225
4477,506YJ
4478,278
4479,GY06
4480,GY08
4481,131
4482,407
4483,263
4484,271
4485,213
4486,406
4487,512L
4488,139
4489,408
4490,GY09
4491,302
4492,404
4493,310
4494,237
4495,GY07
4496,273
4497,235
4498,230
4499,137
4500,214
4501,264
4502,122
4503,GY12
4504,272
4505,GY05
4506,140
4507,208
4508,232
4509,L515
4510,416A
4511,GY03
4512,227
4513,234
4514,420
4515,419A
4516,238
4517,312
4518,306
4519,402
4520,240
4521,435
4522,206
4523,218
4524,222
4525,275
4526,409
4527,434
4528,128
4529,239
4530,231
4531,223
4532,202
4534,403
4535,413A
4536,514L
4537,123
4539,269
4540,211
4541,433
4542,120
4543,305
4544,274
4547,313
4548,233
4549,505ZJ
4550,267
4551,121
4552,129
4554,119
4555,108
4556,217
4558,101
4559,126
4560,432
4561,209
4566,410
4568,307
4569,132
4570,437
4572,130
4573,256
4574,268
4575,111
4576,219
4577,401
4578,135
4580,501ZJ
4581,257
4584,203
4585,503L
4588,GY01
4589,GY11
4593,304
4594,136
4595,205
4597,GY02
4598,124
4599,303
4601,204
4602,228
4606,216
4607,405
4610,301
4617,422
4619,127
4628,504YJ
4632,501L
4636,107
4637,207
4642,133
4649,118
4660,259
4661,421
4687,GY10
4694,210
4740,102
4741,113
4742,119
4743,110
4744,221
4745,258
4746,223
4747,212
4748,202
4749,235
4750,229
4751,117
4752,109
4753,201
4754,133
4755,111
4756,219
4757,234
4758,205
4759,124
4760,224
4761,123
4762,222
4763,209
4764,203
4765,217
4766,211
4767,308
4768,101
4769,268
4770,213
4772,115
4773,233
4774,228
4775,129
4776,215
4777,128
4778,231
4779,131
4781,GY09
4788,220
4790,207
4797,114
4800,226
4806,104
4820,259
4854,214
4859,GY01
4952,508
4960,106
4985,510
4997,L140
4998,511
5007,507
5009,513
5037,FX16
5039,FX28
5058,505L
5077,514L
5165,515YJ
5390,411
5664,502YJ
6784,509YJ
3364,212
3381,120
3389,109
3400,126
3405,118
3419,214
3423,217
3427,232
3428,209
3429,231
3432,235
3435,109
3436,210
3440,219
3443,224
3444,230
3446,269
3447,119
3448,216
3450,233
3452,229
3453,214
3454,221
3455,111
3456,128
3457,132
3458,207
3459,209
3460,227
3462,234
3463,433
3464,126
3465,129
3466,235
3467,217
3470,103
3471,212
3472,226
3473,124
3474,231
3475,215
3476,307
3477,228
3478,263
3479,232
3480,202
3481,121
3483,131
3484,225
3486,128
3487,210
3488,118
3489,224
3490,216
3491,219
3493,234
3494,130
3495,229
3496,GY09
3497,213
3500,214
3501,127
3502,230
3503,208
3504,204
3505,207
3506,109
3507,223
3508,209
3509,217
3510,227
3512,203
3513,235
3514,114
3515,125
3516,103
3517,123
3518,GY08
3519,102
3520,212
3521,124
3523,215
3524,111
3525,231
3526,221
3527,133
3529,132
3530,234
3531,213
3532,228
3533,131
3534,218
3535,222
3536,210
3537,128
3538,202
3539,232
3540,105
3541,121
3542,216
3543,129
3544,112
3545,226
3546,310
3547,204
3548,214
3550,230
3552,227
3553,119
3554,130
3555,219
3556,201
3557,122
3558,203
3559,126
3560,117
3561,404
3562,127
3563,225
3565,215
3566,235
3567,125
3568,270
3569,114
3570,108
3571,106
3572,211
3573,223
3575,214
3576,205
3577,212
3578,233
3579,229
3580,113
3583,128
3584,115
3585,202
3586,302
3587,124
3588,227
3589,217
3590,209
3591,213
3592,102
3593,220
3595,422
3596,207
3597,101
3598,257
3599,222
3600,403
3601,119
3602,232
3603,230
3604,127
3605,129
3606,231
3607,210
3608,131
3609,125
3610,219
3611,111
3612,421
3613,211
3614,122
3615,105
3616,214
3617,203
3618,212
3619,218
3620,436
3621,235
3622,116
3623,224
3625,133
3626,130
3627,215
3628,204
3629,234
3630,104
3631,114
3632,118
3633,229
3634,223
3635,128
3636,233
3637,132
3638,205
3639,213
3640,303
3641,221
3642,201
3643,127
3644,228
3645,434
3646,129
3647,112
3648,435
3649,216
3650,227
3651,206
3652,207
3653,125
3654,220
3655,232
3656,217
3657,119
3658,113
3659,131
3660,304
3661,214
3662,219
3663,123
3664,126
3665,209
3666,203
3667,210
3668,133
3669,105
3670,231
3671,218
3672,235
3673,230
3674,234
3675,226
3676,132
3677,233
3678,229
3679,211
3680,202
3681,221
3682,311
3683,216
3684,204
3685,124
3686,208
3687,224
3688,215
3689,213
3690,409
3691,131
3692,128
3693,111
3694,209
3695,258
3696,130
3697,228
3698,219
3699,110
3700,214
3701,206
3702,136
3301,236
3302,510YJ
3304,L140
3305,230
3306,212
3307,258
3308,312
3309,129
3310,436
3311,GY08
3312,310
3313,232
3314,214
3315,GY09
3316,L301
3317,L201
3318,420
3319,259
3320,507YJ
3321,309
3322,221
3323,273
3324,408
3325,433
3326,505YJ
3327,233
3328,137
3329,307
3330,GY07
3331,275
3332,257
3333,138
3334,402
3335,GY04
3336,235
3337,140
3338,227
3339,118
3340,231
3341,139
3342,269
3343,219
3344,224
3345,432
3346,405
3347,GY05
3348,434
3349,264
3350,GY03
3351,GY06
3352,311
3353,GY12
3354,504ZJ
3355,240
3356,301
3357,238
3358,422
3359,207
3360,435
3365,272
3366,229
3367,274
3368,407
3369,209
3370,108
3371,401
3372,303
3373,267
3374,217
3375,117
3376,305
3377,404
3378,122
3379,437
3380,210
3382,135
3383,237
3384,276
3385,113
3386,270
3387,107
3388,128
3390,114
3391,208
3392,119
3393,223
3394,115
3395,121
3396,216
3397,L515
3398,101
3401,413A
3403,515YJ
3406,406
3407,304
3408,133
3409,130
3410,306
3411,271
3412,111
3413,213
3414,132
3415,410
3416,416A
3417,GY11
3418,514ZJ
3420,102
3421,124
3422,202
3424,226
3425,136
3426,103
3430,131
3431,409
3433,125
3434,302
3437,228
3438,204
3439,220
3441,215
3442,308
3445,GY01
3449,203
3451,403
3461,127
3468,112
3469,218
3482,116
3485,105
3492,277
3498,222
3499,201
3511,GY10
3522,211
3528,205
3549,313
3551,268
3564,104
3574,278
3581,110
3594,206
3624,256
3703,203
3704,126
3705,212
3706,120
3707,232
3708,230
3709,225
3710,217
3711,127
3712,218
3713,220
3714,210
3715,132
3716,125
3717,115
3718,216
3719,271
3720,133
3721,GY08
3722,204
3723,223
3724,205
3725,240
3726,227
3727,129
3728,202
3729,231
3730,215
3731,211
3732,221
3733,122
3734,214
3735,228
3736,235
3738,207
3740,213
3743,224
3744,123
3746,114
3747,124
3749,209
3750,403
3764,401
3767,116
3770,510
3773,306
3775,201
3783,233
3801,308
3803,511
3807,104
3809,103
3814,109
3816,509
3823,506
3825,508
3826,402
3828,106
3829,L140
3830,117
3831,504L
3851,FX08
3856,503
4980,120
4981,219
4983,225
4987,232
4988,220
4990,230
4992,228
4993,210
4994,216
4995,227
4999,229
5000,232
5001,102
5002,120
5003,109
5004,101
5008,115
5013,106
5014,121
5016,109
5017,103
5019,121
5020,511
5021,115
5022,103
5023,512
5024,FX15
5025,120
5026,109
5027,510
5028,FX26
5029,FX10
5030,FX19
5031,FX09
5032,117
5033,FX20
5034,507
5035,FX14
5036,FX08
5038,511
5040,512
5041,FX17
5042,FX18
5043,416A
5044,115
5045,120
5046,FX21
5047,103
5048,138
5050,512
5051,239
5052,227
5053,238
5054,204
5055,234
5056,GY03
5057,437
5059,L113
5060,230
5061,203
5062,264
5063,309
5064,128
5065,259
5067,226
5068,139
5069,208
5070,LGY10
5071,228
5073,307
5074,211
5075,272
5076,133
5078,419A
5079,210
5082,137
5083,101
5084,308
5085,273
5086,L214
5087,278
5088,224
5089,LGY06
5090,275
5091,232
5092,420
5093,311
5095,GY12
5096,277
5097,434
5099,217
5100,231
5101,421
5102,312
5103,403
5104,235
5105,276
5107,225
5110,237
5111,LGY07
5112,313
5114,236
5115,407
5116,GY02
5117,207
5118,221
5119,218
5121,GY01
5122,405
5123,212
5124,129
5125,229
5126,213
5127,436
5128,263
5129,121
5130,304
5131,409
5132,402
5133,203
5134,267
5135,258
5137,202
5138,119
5139,503ZJ
5141,135
5142,508L
5143,432
5145,271
5146,113
5147,310
5148,106
5149,114
5150,209
5151,112
5152,433
5153,111
5154,422
5156,130
5157,108
5158,205
5160,128
5161,GY08
5162,109
5164,410
5166,102
5167,435
5168,124
5170,234
5171,125
5172,401
5173,116
4946,218
4947,126
4948,402
4949,209
4950,223
4951,133
4953,226
4954,124
4955,401
4956,130
4957,127
4958,437
4959,115
4961,214
4962,202
4963,230
4964,224
4965,213
4966,131
4967,203
4968,234
4969,229
4970,231
4971,216
4972,217
4973,221
4974,132
4975,222
4976,210
4977,227
4978,235
4979,114
4982,308
4986,121
4989,110
4991,L515
4996,103
5010,306
5011,307
5015,117
5018,105
5066,505ZJ
5072,406
5080,305
5081,506YJ
5094,GY06
5098,122
5106,303
5108,215
5109,240
5113,256
5120,206
5140,268
5144,107
5155,136
5159,302
5169,270
5174,208
5175,131
5176,223
5177,133
5178,503L
5179,GY05
5180,120
5181,GY11
5182,219
5183,404
5184,212
5185,117
5186,140
5187,257
5188,230
5189,217
5190,301
5191,214
5192,GY07
5193,504YJ
5194,127
5195,GY04
5196,106
5197,209
5198,233
5199,204
5200,222
5201,225
5202,211
5203,216
5204,501ZJ
5205,231
5206,269
5209,210
5211,229
5212,408
5214,132
5217,123
5221,201
5224,207
5225,126
5229,129
5232,118
5246,119
5253,501L
5258,274
5265,220
5266,104
5284,115
5292,306
5298,GY10
5320,GY09
5332,110
5359,514ZJ
5489,508ZJ
5549,512
5592,510
5603,511
5610,507
5613,505
5621,513
5638,506
6781,FX22
6903,FX07
5416,222
5426,132
5429,123
5434,129
5437,130
5438,103
5440,207
5441,230
5443,234
5444,224
5445,101
5447,225
5448,126
5449,226
5450,235
5451,232
5452,211
5453,233
5454,205
5455,215
5456,221
5457,213
5458,217
5460,201
5461,220
5463,128
5464,120
5465,222
5466,209
5467,127
5468,228
5469,223
5470,133
5471,117
5472,132
5473,203
5474,309
5476,436
5477,125
5478,205
5479,227
5480,234
5481,267
5482,218
5483,207
5486,219
5487,208
5488,204
5490,130
5491,114
5492,211
5493,311
5494,271
5495,126
5496,304
5497,310
5498,217
5499,212
5500,225
5501,224
5502,129
5503,231
5504,268
5505,131
5506,233
5507,214
5508,228
5509,222
5510,116
5511,303
5512,229
5513,221
5514,108
5515,206
5516,234
5517,232
5518,132
5519,216
5520,113
5521,230
5522,121
5523,124
5524,127
5525,223
5526,209
5527,125
5528,203
5529,130
5530,218
5531,235
5532,205
5533,102
5534,201
5535,219
5536,420
5537,215
5538,106
5539,126
5540,204
5541,117
5542,211
5543,214
5544,129
5545,109
5546,128
5547,210
5548,202
5550,225
5551,133
5552,103
5553,222
5554,131
5555,422
5556,118
5557,227
5559,212
5560,L515
5561,307
5562,216
5563,121
5564,232
5565,208
5566,206
5567,132
5568,229
5569,233
5570,230
5571,402
5572,201
5573,218
5574,226
5575,125
5576,221
5577,209
5578,116
5579,204
5580,234
5581,228
5582,308
5583,120
5584,107
5585,114
5586,214
5587,224
5588,119
5589,227
5590,223
5591,105
5593,229
5594,110
5595,232
5597,221
5598,216
5599,231
5602,228
5604,118
5605,225
5606,116
5607,106
5608,121
5609,306
5611,105
5612,120
5618,118
5619,107
5620,117
5622,109
5623,116
5624,511
5625,105
5626,118
5627,510
5628,104
5629,110
5630,513
5631,FX10
5632,FX08
5633,117
5634,FX16
5387,215
5388,226
5389,207
5391,224
5392,221
5393,123
5394,125
5395,130
5396,220
5397,116
5398,201
5399,234
5400,112
5401,114
5402,105
5403,235
5404,205
5405,126
5406,225
5407,131
5408,213
5409,212
5410,214
5411,223
5412,232
5413,127
5414,228
5415,307
5417,217
5418,110
5419,128
5420,203
5421,229
5422,233
5423,218
5424,206
5425,102
5427,227
5428,219
5430,133
5431,437
5432,208
5433,121
5435,204
5436,209
5439,231
5442,118
5446,202
5459,124
5462,210
5475,216
5484,115
5485,106
5600,104
5614,401
5635,FX17
5636,FX15
5637,511
5639,FX21
5640,FX18
5641,510
5642,FX11
5643,507
5645,FX19
5646,216
5648,234
5651,225
5652,L303
5653,236
5655,233
5656,GY03
5657,219
5658,129
5659,230
5660,201
5661,208
5662,137
5663,GY09
5665,226
5666,215
5667,235
5668,229
5669,GY11
5670,258
5671,503L
5672,223
5673,L301
5674,GY08
5675,271
5676,410
5677,311
5678,240
5679,232
5680,413A
5681,277
5682,138
5683,GY06
5684,131
5685,205
5686,239
5687,GY07
5688,224
5689,301
5690,237
5692,312
5693,212
5694,267
5695,238
5696,403
5697,GY01
5698,227
5699,GY04
5700,433
5701,202
5702,313
5703,435
5704,501ZJ
5706,278
5707,302
5708,422
5710,218
5711,207
5712,220
5713,211
5714,407
5715,128
5716,231
5717,221
5718,401
5719,273
5720,122
5721,270
5724,272
5725,406
5726,113
5727,512YJ
5728,268
5729,309
5730,402
5731,419A
5732,115
5733,112
5734,275
5735,304
5736,GY10
5739,114
5740,102
5741,209
5742,123
5743,L140
5744,101
5745,L121
5746,130
5747,514L
5748,203
5749,139
5750,126
5751,206
5752,106
5753,269
5754,119
5755,264
5756,127
5757,257
5758,111
5759,308
5760,125
5761,416A
5762,108
5763,408
5764,133
5765,210
5767,409
5768,256
5770,124
5771,120
5773,436
5774,307
5778,404
5779,303
5782,GY05
5783,508ZJ
5787,306
5789,276
5792,437
5793,259
5796,GY02
5803,405
5805,135
5813,132
5816,GY12
5817,503ZJ
5820,121
5821,222
5833,515YJ
5847,274
5865,420
5869,136
5878,217
5880,213
5890,434
5918,140
5920,305
5933,263
5938,103
5966,310
6023,421
6122,432
6174,505
6183,FX01
6209,501L
6215,504YJ
6246,508L
6786,FX28
6905,514ZJ
1037,506
1038,110
1039,119
1042,103
1058,504YJ
1123,203
1124,110
1131,306
1138,117
1145,202
1148,130
1149,127
1156,232
1162,128
1165,213
1166,119
1169,215
1170,109
1173,227
1174,221
1175,269
1180,117
1183,204
1184,224
1187,229
1188,114
1189,271
1190,202
1191,228
1193,231
1195,206
1196,212
1198,111
1199,127
1200,125
1201,218
1202,213
1203,232
1204,222
1206,257
1207,240
1209,124
1210,227
1211,208
1213,109
1214,204
1215,225
1216,217
1217,235
1218,230
1219,234
1220,203
1221,209
1222,233
1223,216
1225,128
1226,226
1227,116
1228,129
1229,221
1230,206
1231,224
1232,223
1234,202
1236,227
1237,132
1238,231
1239,GY11
1240,215
1241,220
1244,232
1245,211
1246,133
1247,228
1248,218
1250,271
1251,104
1252,213
1253,219
1254,125
1255,229
1256,212
1257,124
1258,225
1259,102
1260,109
1261,101
1262,108
1263,217
1265,130
1267,233
1268,209
1269,203
1271,129
1272,216
1273,115
1274,231
1275,110
1276,218
1277,221
1278,127
1279,215
1280,227
1281,208
1282,228
1283,106
1284,121
1286,128
1287,226
1288,310
1289,207
1290,223
1291,202
1292,219
1293,230
1294,104
1295,220
1296,232
1297,201
1298,131
1299,102
1300,206
1301,117
1302,126
1303,225
1304,125
1305,105
1306,209
1307,132
1308,275
1309,111
1310,118
1311,214
1312,213
1313,216
1314,222
1315,233
1316,229
1317,113
1318,103
1319,112
1320,115
1321,133
1322,235
1323,218
1324,202
1325,227
1326,109
1327,203
1328,212
1329,217
1330,207
1331,308
1332,122
1333,210
1022,105
1023,504
1024,FX23
1025,FX24
1026,FX08
1027,FX11
1028,109
1029,507
1030,FX06
1031,FX19
1032,FX13
1033,503
1034,FX02
1035,FX22
1036,FX15
1040,FX26
1041,269
1043,263
1044,310
1045,226
1046,437
1047,302
1048,433
1049,204
1050,225
1051,434
1052,240
1053,259
1054,139
1055,GY06
1056,203
1057,272
1059,L227
1060,GY09
1061,127
1062,238
1063,137
1064,311
1065,407
1066,509L
1067,GY08
1068,402
1069,228
1070,130
1071,239
1072,140
1073,210
1074,268
1075,271
1076,135
1077,404
1078,224
1079,408
1080,511YJ
1081,312
1082,420
1083,509ZJ
1084,GY05
1085,231
1086,512L
1087,136
1088,GY04
1089,111
1090,406
1091,274
1092,401
1093,GY07
1094,237
1095,208
1096,233
1097,GY02
1098,221
1099,GY01
1100,215
1101,234
1102,264
1103,L124
1104,235
1105,313
1106,232
1107,227
1108,218
1109,257
1110,206
1111,222
1112,GY03
1113,273
1114,128
1115,229
1116,213
1117,267
1118,216
1119,413A
1120,256
1121,101
1122,275
1125,421
1126,502YJ
1127,405
1128,114
1129,212
1130,223
1132,236
1133,309
1134,108
1135,435
1136,112
1137,GY11
1139,102
1140,107
1141,220
1142,121
1143,131
1144,277
1146,120
1147,132
1151,258
1152,104
1153,409
1154,125
1155,278
1157,416A
1158,113
1159,209
1160,301
1161,126
1163,304
1164,436
1167,GY12
1168,217
1171,GY10
1172,305
1176,303
1177,124
1178,270
1179,512ZJ
1181,230
1182,219
1185,211
1186,308
1192,403
1194,129
1197,118
1205,501L
1208,133
1212,115
1224,122
1233,307
1235,276
1242,106
1243,201
1249,207
1264,432
1266,214
1270,138
1285,410
1334,220
1335,206
1336,117
1337,215
1338,232
1339,230
1340,221
1341,132
1342,116
1343,128
1344,228
1345,208
1346,222
1347,432
1348,119
1349,110
1350,214
1351,209
1352,223
1353,L515
1354,234
1355,120
1356,205
1357,233
1358,118
1359,213
1360,224
1361,125
1362,201
1363,225
1364,216
1366,104
1367,113
1368,227
1369,219
1371,235
1374,226
1380,211
1383,114
1386,101
1387,130
1390,115
1410,202
1411,133
1412,274
1417,129
1420,437
1425,124
1426,273
1433,204
1436,307
1467,270
1482,268
6178,103
6181,108
6188,107
6190,122
6191,103
6193,505
6194,108
6196,L140
6197,108
6200,122
6201,103
6202,104
6203,512
6204,117
6205,104
6206,108
6207,122
6208,436
6210,LGY10
6211,503ZJ
6213,L121
6217,512
6218,L216
6220,225
6221,270
6223,230
6224,131
6225,302
6226,217
6227,LGY06
6228,GY11
6229,406
6232,FX16
6233,402
6236,L115
6239,307
6240,125
6241,507YJ
6243,L227
6244,LGY07
6245,213
6247,232
6253,312
6254,GY03
6256,GY02
6257,136
6258,231
6259,306
6260,224
6261,310
6262,234
6264,140
6265,403
6266,216
6268,235
6269,401
6272,233
6273,226
6275,239
6276,GY10
6279,227
6280,212
6282,217
6283,221
6284,204
6287,305
6291,229
6292,267
6295,122
6296,435
6297,L113
6298,301
6299,103
6300,222
6303,205
6304,223
6305,274
6307,505ZJ
6308,139
6309,237
6311,GY03
6312,434
6316,117
6317,110
6318,220
6319,105
6323,268
6324,210
6327,125
6328,133
6330,269
6335,221
6336,GY12
6339,508ZJ
6342,225
6343,419A
6345,501ZJ
6346,202
6349,212
6350,313
6351,GY06
6353,235
6354,213
6355,129
6356,303
6359,311
6360,304
6361,117
6362,216
6363,201
6365,224
6366,222
6367,209
6369,232
6371,101
6372,210
6375,208
6376,229
6377,416A
6378,234
6379,126
6380,215
6381,118
6382,128
6383,132
6384,220
6385,202
6386,227
6387,125
6388,217
6164,235
6165,221
6166,103
6167,230
6168,308
6169,234
6170,220
6171,213
6172,231
6173,105
6175,229
6176,122
6177,226
6179,110
6180,402
6182,512
6184,307
6185,L515
6186,106
6187,L140
6189,117
6195,104
6199,510L
6214,GY01
6219,420
6222,201
6230,135
6231,511YJ
6234,129
6235,238
6237,GY05
6238,502YJ
6242,257
6248,115
6249,408
6250,GY09
6251,GY07
6252,422
6255,264
6263,123
6267,228
6270,259
6271,433
6274,215
6277,240
6278,309
6281,236
6285,437
6286,207
6288,407
6289,128
6290,211
6293,272
6294,421
6301,405
6302,278
6306,101
6310,121
6313,111
6314,118
6315,GY08
6320,276
6321,132
6325,120
6326,130
6332,404
6333,127
6334,114
6337,GY04
6338,113
6340,124
6341,208
6344,275
6347,214
6348,112
6352,116
6357,410
6358,219
6364,263
6368,432
6370,506L
6373,206
6374,271
6389,233
6390,228
6391,124
6392,131
6393,235
6394,130
6395,211
6396,107
6397,205
6398,L515
6399,110
6400,201
6401,231
6402,226
6403,219
6404,213
6405,230
6406,GY02
6407,225
6408,204
6409,224
6410,212
6411,119
6412,127
6413,268
6414,104
6415,132
6416,206
6417,232
6418,221
6419,109
6420,210
6421,273
6422,308
6423,256
6425,126
6426,214
6427,229
6428,220
6429,GY10
6430,106
6431,203
6432,277
6433,227
6435,128
6436,234
6440,302
6441,223
6444,209
6446,240
6447,125
6451,503L
6457,112
6459,102
6464,258
6465,138
6467,409
6486,133
6491,114
6496,218
6497,137
6507,108
6552,301
6572,105
6768,512
6776,FX12
6780,FX01
6783,511
6789,502
6896,413A
6899,510ZJ
6900,506ZJ
6902,513
6906,515YJ
2154,116
2157,109
2158,117
2159,504
2161,FX15
2162,116
2163,122
2164,103
2169,508
2170,238
2178,216
2186,FX12
2191,L135
2193,307
2206,224
2227,237
2233,201
2241,216
2257,118
2261,502YJ
2270,122
2271,213
2274,127
2276,117
2288,129
2292,201
2296,223
2297,116
2298,139
2299,230
2305,105
2306,217
2308,106
2310,232
2311,221
2314,231
2315,225
2316,112
2317,212
2320,229
2323,234
2325,206
2326,216
2327,101
2328,130
2329,129
2330,219
2331,211
2332,127
2333,227
2334,202
2335,240
2336,235
2337,128
2339,133
2340,228
2341,214
2342,103
2344,116
2345,308
2346,224
2347,201
2348,207
2349,232
2350,230
2352,233
2353,223
2355,125
2356,226
2357,109
2362,104
2364,209
2371,220
2380,222
2382,218
2383,270
2417,208
2427,126
2458,117
2681,502
2692,503
2703,510L
2712,FX11
2842,505YJ
2902,504ZJ
3033,302
5644,109
5647,118
5654,105
6424,233
6434,130
6437,215
6438,202
6439,103
6442,217
6443,208
6445,201
6448,222
6449,113
6450,235
6452,110
6453,122
6454,132
6455,205
6456,271
6458,124
6460,231
6461,219
6462,221
6463,204
6466,101
6468,233
6469,109
6470,203
6471,127
6472,211
6473,220
6474,228
6475,216
6476,213
6477,232
6478,117
6479,214
6480,128
6481,225
6482,GY11
6483,223
6484,215
6485,202
6487,230
6488,106
6489,212
6490,227
6493,206
6494,210
6495,103
6499,304
6500,129
6501,208
6502,226
6503,125
6504,234
6505,102
6506,120
6508,219
6509,205
6510,217
6511,209
6512,222
6513,235
6514,229
6515,121
6517,132
6518,118
6519,211
6520,233
6521,220
6522,227
6523,110
6524,201
6525,214
6526,204
6527,207
6528,433
6529,212
6530,112
6531,223
6532,101
6533,213
6535,232
6536,127
6537,228
6538,206
6539,104
6540,129
6541,230
6542,215
6543,131
6544,126
6545,202
6546,221
6547,107
6548,106
6549,208
6550,205
6551,216
6553,437
6554,225
6555,120
6556,222
6557,218
6558,234
6559,220
6560,122
6561,132
6562,121
6563,219
6564,124
6565,210
6566,203
6567,224
6568,115
6569,119
6570,111
6571,211
6573,128
6574,235
6575,130
6576,229
6577,223
6578,201
6579,226
6580,217
6581,127
6582,228
6583,303
6584,114
6585,129
6586,304
6587,227
6588,233
6589,112
6590,214
6591,210
6592,131
6593,216
6594,232
6595,107
6596,125
6597,302
6598,202
6599,213
6600,108
6601,126
6602,212
6603,132
6604,231
6605,206
6606,234
6607,219
6608,113
6609,230
6610,225
6611,209
6612,130
6613,224
6614,240
6615,235
6616,229
6617,233
6618,220
6619,208
6620,223
6621,201
6622,218
6623,133
6624,211
6625,216
6626,221
6627,129
6628,105
6629,310
6630,212
6631,131
6632,228
6633,222
6634,125
6635,106
6636,432
6637,210
6638,139
6639,313
6640,204
6641,122
6642,124
6643,225
6644,230
6645,232
6646,215
6647,209
6648,219
6649,116
6650,130
6651,206
6652,276
6653,213
6654,217
6655,126
6656,118
6657,GY12
6658,301
6659,132
6660,271
6661,311
6662,218
6663,202
6664,235
6665,128
6666,211
6667,220
6668,437
6669,212
6670,127
6671,216
6672,231
6673,233
6674,227
6675,201
6676,207
6677,206
6678,234
6679,214
6680,111
6681,124
6682,210
6683,113
6684,230
6685,114
6686,226
6687,133
6688,131
6689,303
6690,208
6691,125
6692,218
6693,219
6694,130
6695,225
6696,213
6697,101
6698,217
6699,202
6700,220
6701,211
6702,106
6703,128
6704,204
6705,L140
6706,207
6707,216
6708,306
6709,129
6710,215
6711,223
6712,227
6713,126
6714,402
6715,132
6716,403
6717,124
6718,304
6719,107
6720,229
6721,105
6722,212
6723,218
6724,232
6725,201
6726,210
6727,131
6728,219
6729,234
6730,228
6731,231
6732,209
6733,102
6735,217
6736,213
6737,224
6738,208
6739,127
6740,206
6741,233
6742,230
6743,307
6744,123
6745,216
6746,121
6747,223
6748,225
6749,227
6750,L515
6751,214
6752,104
6753,234
6755,229
6758,235
6759,110
6761,113
6762,GY06
6764,106
6765,401
6766,308
6771,103
6772,117
6773,FX11
6774,FX24
6775,503
6778,FX23
6779,109
6788,435
6791,302
6793,270
6797,138
6802,130
6806,433
6812,GY11
6815,239
6821,202
6822,212
6823,GY04
6825,309
6826,GY03
6830,129
6832,268
6835,101
6836,301
6837,220
6839,274
6841,112
6842,263
6845,256
6849,311
6852,211
6853,277
6858,269
6860,118
6861,125
6862,215
6863,404
6866,133
6869,267
6870,203
6871,126
6872,232
6873,240
6874,218
6875,201
6877,226
6878,222
6881,115
6882,221
6887,257
6888,204
6891,205
6894,116
6895,410
2351,204
2358,130
2359,203
2360,271
2361,225
2363,217
2367,215
2368,132
2369,231
2370,124
2374,227
2375,411
2376,127
2377,129
2378,234
2379,211
2381,105
2384,216
2385,219
2386,202
2387,310
2388,229
2389,214
2390,108
2391,224
2393,116
2394,112
2395,125
2396,207
2397,204
2399,131
2401,233
2402,213
2403,130
2404,210
2406,128
2407,205
2408,102
2409,232
2410,114
2411,220
2412,212
2414,217
2415,228
2416,223
2418,231
2419,104
2420,209
2421,129
2422,225
2423,313
2424,222
2425,201
2426,211
2428,230
2429,121
2431,218
2432,234
2433,122
2434,215
2435,203
2436,207
2437,110
2440,227
2441,308
2442,133
2443,216
2444,240
2445,127
2446,235
2447,108
2448,105
2449,119
2450,202
2452,217
2453,205
2454,210
2455,232
2456,229
2457,118
2459,115
2460,125
2461,223
2463,220
2464,225
2465,101
2466,204
2467,219
2468,222
2469,206
2470,213
2471,304
2472,104
2473,215
2474,111
2475,211
2476,234
2477,228
2478,116
2479,129
2480,230
2481,208
2482,128
2483,437
2484,132
2485,221
2486,119
2487,103
2488,218
2489,209
2490,217
2491,203
2492,233
2493,123
2494,202
2495,207
2496,235
2497,114
2498,226
2499,102
2500,131
2501,210
2502,227
2503,214
2504,115
2505,108
2506,121
2507,205
2508,106
2509,133
2510,232
2511,225
2512,222
2513,130
2514,229
2515,420
2516,127
2517,122
2518,268
2519,118
2520,231
2521,218
2522,220
2523,208
2524,207
2525,234
2526,204
2527,112
2528,301
2530,217
2531,221
2532,128
2533,201
2535,206
2544,216
2554,125
2561,309
2562,215
2563,124
2567,223
2569,401
2574,256
2577,107
2580,406
2605,228
2617,259
2624,402
2630,307
2632,213
2671,110
2674,224
2684,117
2685,105
2695,104
2766,240
2767,GY10
2785,GY08
2841,136
2861,514ZJ
3168,207
3174,125
3175,211
3178,123
3179,230
3181,131
3183,132
3184,218
3185,233
3186,212
3187,220
3188,112
3189,203
3190,214
3191,210
3192,119
3193,215
3194,103
3195,128
3198,207
3199,129
3200,222
3201,402
3202,219
3203,127
3206,225
3208,133
3210,130
3212,111
3213,234
3215,208
3218,114
3219,230
3221,212
3222,232
3223,229
3224,231
3226,206
3227,211
3228,216
3229,235
3230,215
3231,132
3232,307
3234,233
3235,227
3236,308
3237,107
3239,223
3240,210
3241,121
3242,224
3243,113
3244,234
3245,222
3248,232
3250,230
3251,216
3252,233
3254,231
3255,108
3256,226
3257,112
3258,106
3259,114
3262,113
3263,122
3264,117
3267,116
3269,108
3270,106
3271,110
3272,511
3274,109
3275,506
3276,FX21
3277,105
3278,FX19
3279,FX10
3280,FX16
3281,FX23
3282,106
3283,FX17
3284,FX15
3286,FX14
3287,511
3289,501
3290,FX26
3291,FX13
3292,L222
3293,109
3294,234
3295,126
3296,511
3297,263
3298,225
3299,GY02
3300,421
3132,211
3133,121
3134,230
3135,233
3136,218
3137,226
3138,205
3139,212
3140,103
3141,214
3142,207
3143,220
3144,GY08
3145,132
3146,222
3147,127
3148,122
3149,203
3150,435
3151,133
3152,126
3153,209
3154,235
3155,225
3156,129
3157,234
3158,273
3159,210
3160,434
3161,219
3162,130
3163,208
3164,229
3165,228
3166,232
3167,117
3169,231
3170,206
3171,227
3172,202
3173,216
3176,224
3177,107
3180,124
3182,221
3196,116
3204,217
3205,506
3207,L140
3209,223
3211,270
3214,106
3216,L515
3220,204
3225,401
3233,213
3238,115
3246,104
3249,306
3265,109
3268,105
3273,501
2529,114
2534,132
2536,219
2537,227
2538,230
2539,233
2540,202
2541,225
2542,133
2543,232
2545,411
2546,226
2547,222
2548,205
2549,126
2550,212
2551,203
2552,129
2553,111
2555,206
2556,258
2557,131
2558,209
2559,116
2560,204
2564,230
2565,235
2566,227
2568,103
2570,135
2571,201
2572,305
2573,208
2575,132
2576,202
2578,133
2579,216
2581,126
2582,222
2583,226
2584,234
2585,128
2586,212
2587,267
2588,433
2589,214
2590,127
2591,206
2592,232
2593,233
2594,113
2595,221
2596,207
2597,202
2598,225
2599,217
2600,124
2601,215
2602,115
2603,112
2604,GY11
2606,203
2607,210
2608,130
2609,132
2610,222
2611,211
2612,223
2613,121
2614,208
2615,216
2616,219
2618,103
2619,218
2621,207
2622,128
2623,220
2625,221
2626,214
2627,129
2628,232
2629,125
2631,133
2633,131
2634,408
2635,119
2636,106
2637,222
2638,228
2639,202
2640,212
2641,229
2642,206
2643,230
2644,231
2645,201
2646,308
2647,208
2648,217
2649,226
2650,219
2651,130
2652,216
2653,227
2654,235
2655,L140
2656,114
2657,213
2658,120
2659,218
2660,225
2661,102
2662,232
2663,116
2664,220
2665,109
2666,228
2667,306
2668,207
2669,219
2670,231
2672,235
2673,114
2675,118
2676,106
2677,107
2678,L515
2680,115
2682,401
2686,FX13
2687,115
2688,118
2689,106
2690,FX24
2691,FX28
2693,FX14
2694,FX26
2700,110
2702,FX23
2719,263
2724,239
2727,236
2728,221
2731,238
2732,407
2735,222
2736,216
2739,268
2740,310
2741,406
2742,512ZJ
2744,229
2745,269
2746,131
2748,L301
2750,137
2751,L121
2752,409
2753,219
2755,402
2756,GY01
2758,135
2759,404
2760,403
2761,226
2762,140
2763,506L
2764,408
2765,GY06
2768,235
2769,GY09
2770,GY03
2771,101
2774,212
2775,405
2777,275
2778,233
2780,232
2781,214
2782,GY05
2784,237
2787,510ZJ
2789,218
2790,206
2791,434
2792,274
2793,129
2794,301
2795,258
2798,209
2799,401
2800,116
2801,416A
2802,303
2804,435
2805,270
2806,203
2807,217
2808,108
2809,213
2810,420
2811,309
2812,111
2813,304
2815,120
2816,128
2817,437
2820,102
2821,122
2822,124
2824,121
2825,223
2826,127
2828,GY12
2831,264
2833,271
2834,432
2835,126
2837,413A
2838,278
2839,113
2840,273
2844,GY04
2845,277
2848,202
2849,504L
2853,103
2857,308
2858,133
2863,234
2864,215
2865,276
2867,210
2871,422
2874,419A
2878,204
2880,433
2896,512L
2901,119
2915,112
2925,259
2926,410
2940,205
2943,436
2960,256
2966,514L
3008,272
3072,511YJ
2984,216
2986,210
2989,230
2990,111
2991,201
2992,227
2994,125
2999,232
3000,306
3002,213
3003,132
3005,108
3006,101
3007,117
3009,206
3011,233
3012,118
3014,109
3015,114
3016,130
3017,211
3018,235
3019,216
3020,126
3021,103
3022,226
3023,204
3024,219
3025,201
3026,221
3027,215
3028,421
3029,120
3030,205
3031,106
3032,220
3034,234
3035,232
3036,132
3037,223
3038,116
3039,128
3040,230
3041,212
3042,127
3043,218
3044,131
3045,101
3046,117
3047,213
3048,203
3049,225
3051,222
3052,207
3053,235
3054,119
3055,202
3057,113
3058,126
3059,206
3060,133
3061,219
3062,216
3063,209
3064,227
3065,111
3066,104
3067,115
3068,229
3069,210
3070,233
3071,130
3073,205
3074,223
3075,226
3076,132
3077,231
3078,403
3079,433
3080,123
3081,127
3082,305
3083,230
3084,232
3085,LGY07
3086,218
3087,201
3088,128
3089,228
3090,GY11
3091,114
3092,131
3093,404
3094,102
3095,212
3096,214
3097,110
3098,234
3099,202
3100,235
3101,229
3102,225
3103,112
3104,217
3105,129
3106,224
3107,227
3108,222
3109,232
3110,203
3111,304
3112,303
3113,219
3114,209
3115,126
3116,210
3117,201
3118,221
3119,131
3120,128
3121,113
3122,404
3123,125
3124,231
3125,208
3126,213
3127,GY10
3128,263
3129,407
3130,313
3131,215
2941,306
2942,116
2944,202
2945,221
2946,132
2947,227
2948,219
2949,114
2950,125
2951,232
2952,105
2953,120
2954,127
2955,119
2956,216
2957,203
2958,130
2959,213
2961,229
2962,208
2963,122
2964,204
2965,124
2967,129
2968,206
2969,231
2970,106
2971,211
2972,126
2973,214
2974,220
2975,228
2976,215
2977,209
2978,234
2979,109
2980,217
2981,128
2982,226
2983,GY10
2985,212
2987,115
2988,133
2993,113
2995,223
2996,207
2997,123
2998,218
3001,GY08
3004,307
3010,222
3013,110
3056,224
4393,101
4819,101
4936,101
5352,101
5954,101
6005,101
1004,102
1378,102
1429,102
3804,102
3817,102
3833,102
4410,102
4423,102
4803,102
5365,102
5956,102
6106,102
6161,102
6880,102
1002,103
1017,103
5336,103
2829,104
2931,104
5310,104
5832,104
5895,104
5968,104
6028,104
6128,104
6893,104
1014,105
2717,105
2860,105
3779,105
3820,105
3834,105
3841,105
4352,105
4412,105
4424,105
4783,105
4841,105
5349,105
5781,105
5861,105
6856,105
1498,106
2708,106
2803,106
2862,106
5275,106
5822,106
5925,106
2698,107
2847,107
3778,107
4837,107
5301,107
5650,107
5926,107
5988,107
6763,107
3821,108
4265,108
4831,108
5348,108
5915,108
6062,108
6136,108
6808,108
1006,109
1012,109
1826,109
2729,109
2903,109
4346,109
4884,109
4942,109
5303,109
5374,109
5737,109
5937,109
6068,109
6123,109
1008,110
1019,110
1435,110
1483,110
2709,110
3761,110
5723,110
5784,110
5870,110
5960,110
6133,110
6883,110
1462,111
4330,111
4802,111
4923,111
5357,111
5911,111
6846,111
4411,112
5218,112
5325,112
5946,112
6049,112
1466,113
4793,113
5989,113
6121,113
1469,114
1829,114
2705,114
2832,114
4328,114
5350,114
5839,114
5896,114
5940,114
6851,114
1793,115
2716,115
3819,115
3832,115
3838,115
4340,115
4413,115
5329,115
5879,115
6018,115
6061,115
6158,115
1001,116
1013,116
1422,116
1484,116
3827,116
3846,116
4348,116
4419,116
4945,116
5836,116
5927,116
5980,116
6126,116
1011,117
1395,117
1458,117
2819,117
4274,117
4366,117
4427,117
5234,117
5285,117
5382,117
5917,117
2722,118
3836,118
4877,118
5288,118
5875,118
1010,119
1015,119
1497,119
3759,119
3799,119
4832,119
4925,119
5341,119
5381,119
5797,119
5936,119
1400,120
1434,120
2885,120
3824,120
4395,120
4416,120
4422,120
4865,120
4940,120
5311,120
5368,120
5867,120
5987,120
6157,120
6843,120
1365,121
1416,121
1815,121
2875,121
3755,121
4364,121
4801,121
5286,121
5899,121
5979,121
6076,121
6117,121
6838,121
1443,122
1477,122
2884,122
4390,122
4782,122
4909,122
5208,122
5967,122
6017,122
6104,122
6767,122
1827,123
2701,123
2715,123
3797,123
4320,123
4891,123
5318,123
5807,123
5871,123
6022,123
6088,123
6848,123
1465,124
1496,124
4294,124
4360,124
4795,124
4857,124
4889,124
5230,124
5287,124
5327,124
5906,124
6041,124
6073,124
6135,124
6850,124
1394,125
1788,125
2721,125
2843,125
2898,125
3774,125
4273,125
4333,125
4815,125
4874,125
4930,125
5228,125
5282,125
5334,125
5808,125
5837,125
5872,125
5912,125
5958,125
6002,125
6048,125
6111,125
1370,126
1402,126
1454,126
1490,126
1823,126
2916,126
3748,126
3785,126
4331,126
4847,126
4908,126
5280,126
5355,126
5884,126
5992,126
6052,126
6113,126
1427,127
1779,127
1832,127
2895,127
3769,127
4313,127
4354,127
4833,127
4863,127
4921,127
5247,127
5331,127
5373,127
5819,127
5885,127
5943,127
5981,127
6035,127
6069,127
6129,127
6892,127
1384,128
1415,128
1474,128
1811,128
2887,128
2936,128
3762,128
4266,128
4335,128
4853,128
4902,128
4943,128
5219,128
5270,128
5313,128
5375,128
5777,128
5857,128
5898,128
5961,128
6027,128
6083,128
6124,128
6814,128
1471,129
2919,129
3793,129
4306,129
4351,129
4827,129
4864,129
4932,129
5380,129
5919,129
6014,129
6058,129
6154,129
1441,130
1488,130
1821,130
2836,130
2886,130
3772,130
4362,130
4808,130
4890,130
5220,130
5269,130
5339,130
5834,130
5888,130
5939,130
5994,130
6055,130
6101,130
1375,131
1444,131
1494,131
2827,131
2932,131
3741,131
3777,131
4297,131
4336,131
4818,131
4866,131
4927,131
5291,131
5351,131
5766,131
5809,131
5864,131
5923,131
5982,131
6043,131
6107,131
6145,131
6857,131
1391,132
1437,132
1475,132
1828,132
2892,132
3751,132
4358,132
4926,132
5249,132
5299,132
5378,132
5856,132
5902,132
5964,132
6006,132
6077,132
6108,132
6868,132
1470,133
1771,133
1810,133
4269,133
4326,133
4374,133
4794,133
4840,133
4893,133
5304,133
5824,133
5877,133
6019,133
6075,133
6132,133
6824,136
4289,137
2733,138
2738,139
6803,139
6809,140
1453,201
1487,201
2933,201
4272,201
4314,201
4350,201
4813,201
4855,201
4897,201
4937,201
5263,201
5328,201
5722,201
5811,201
5889,201
5941,201
5991,201
6099,201
1446,202
1797,202
2889,202
3768,202
4303,202
4809,202
4882,202
4931,202
5245,202
5296,202
5345,202
5842,202
5928,202
5970,202
6015,202
6051,202
6109,202
6144,202
1406,203
1428,203
2850,203
3795,203
3811,203
4260,203
4286,203
4375,203
4836,203
4920,203
5308,203
5385,203
5860,203
5950,203
6026,203
6071,203
6114,203
1822,204
2921,204
3756,204
4292,204
4347,204
4786,204
4839,204
4885,204
4941,204
5235,204
5294,204
5377,204
5709,204
5846,204
5891,204
5951,204
6010,204
6046,204
6090,204
6142,204
1397,205
1464,205
1781,205
1831,205
4345,205
4798,205
4826,205
4867,205
4928,205
5277,205
5343,205
5786,205
5883,205
5932,205
6034,205
6066,205
6125,205
6159,205
1381,206
1414,206
2856,206
2905,206
3753,206
3781,206
4318,206
4353,206
4384,206
4825,206
4917,206
5216,206
5362,206
5799,206
5916,206
5976,206
6096,206
6827,206
1382,207
1485,207
2830,207
2914,207
3784,207
4322,207
4918,207
5278,207
5323,207
5892,207
5949,207
6011,207
6050,207
6889,207
1424,208
1456,208
1813,208
2870,208
2909,208
4290,208
4787,208
4886,208
4939,208
5257,208
5361,208
5705,208
5831,208
5876,208
5955,208
6024,208
6054,208
6118,208
6829,208
1438,209
1792,209
2846,209
3791,209
4307,209
4343,209
4391,209
4402,209
4810,209
4914,209
5251,209
5312,209
5383,209
5855,209
5903,209
5973,209
6021,209
6098,209
6140,209
6864,209
1377,210
1421,210
1472,210
1819,210
2924,210
3752,210
4268,210
4334,210
4370,210
4796,210
4868,210
5243,210
5300,210
5379,210
5913,210
5996,210
6059,210
6116,210
6816,210
1448,211
2818,211
2883,211
2927,211
3780,211
3812,211
4287,211
4361,211
4811,211
4856,211
4896,211
4938,211
5272,211
5337,211
5384,211
5801,211
5862,211
5947,211
6000,211
6042,211
6080,211
1392,212
1455,212
1499,212
1799,212
2899,212
2939,212
3742,212
4263,212
4309,212
4368,212
4785,212
4851,212
4903,212
5215,212
5289,212
5326,212
5371,212
5806,212
5844,212
5962,212
6038,212
6074,212
6120,212
1413,213
1452,213
2891,213
3786,213
4342,213
4397,213
4838,213
4872,213
4922,213
5239,213
5281,213
5344,213
5929,213
5975,213
6072,213
6150,213
6756,213
6804,213
1409,214
1445,214
1486,214
1818,214
2855,214
3765,214
3798,214
4291,214
4379,214
4907,214
5262,214
5358,214
5738,214
5843,214
5897,214
5948,214
5998,214
6085,214
6831,214
1389,215
1439,215
1478,215
1776,215
1830,215
2904,215
3758,215
4275,215
4327,215
4381,215
4403,215
4829,215
4870,215
4910,215
5273,215
5319,215
5845,215
5904,215
5969,215
6047,215
6102,215
1491,216
1804,216
2814,216
2912,216
3757,216
4301,216
4355,216
4392,216
4792,216
4860,216
5267,216
5316,216
5360,216
5800,216
5866,216
5909,216
5985,216
6045,216
6086,216
6127,216
6792,216
1393,217
1418,217
1473,217
2873,217
2920,217
4312,217
4812,217
4883,217
4933,217
5250,217
5307,217
5921,217
5971,217
6040,217
6089,217
6151,217
6794,217
1372,218
1461,218
1794,218
2888,218
3763,218
4321,218
4349,218
4784,218
4823,218
4861,218
4905,218
5210,218
5255,218
5295,218
5369,218
5810,218
5893,218
5945,218
5999,218
6057,218
6119,218
6160,218
1440,219
1476,219
2882,219
3790,219
4259,219
4300,219
4339,219
4789,219
4858,219
4906,219
5276,219
5322,219
5364,219
5790,219
5852,219
5914,219
5983,219
6025,219
6067,219
6757,219
6847,219
1373,220
1450,220
2788,220
2877,220
2923,220
3760,220
3800,220
4325,220
4372,220
4835,220
4887,220
4944,220
5330,220
5769,220
5840,220
5881,220
5931,220
5965,220
6097,220
6153,220
1388,221
1423,221
1479,221
2900,221
3766,221
3806,221
4338,221
4380,221
4805,221
4875,221
4935,221
5222,221
5297,221
5342,221
5791,221
5838,221
5978,221
6039,221
6087,221
1401,222
1460,222
1809,222
4270,222
4341,222
4799,222
4852,222
4898,222
5256,222
5305,222
5386,222
5859,222
5905,222
5974,222
6013,222
6081,222
6139,222
1408,223
1451,223
1480,223
1798,223
2869,223
2930,223
3754,223
3792,223
4284,223
4332,223
4373,223
4780,223
4824,223
4880,223
5238,223
5317,223
5366,223
5772,223
5826,223
5874,223
5930,223
5984,223
6031,223
6070,223
6112,223
6146,223
6890,223
1407,224
2786,224
2859,224
2907,224
3802,224
4394,224
4848,224
5237,224
5283,224
5333,224
5825,224
5942,224
5977,224
6033,224
6115,224
6155,224
6795,224
1403,225
1801,225
2726,225
2868,225
2913,225
3818,225
4317,225
4382,225
4881,225
4934,225
5252,225
5340,225
5780,225
5830,225
6100,225
6840,225
1432,226
1492,226
1795,226
2911,226
3737,226
4305,226
4357,226
4409,226
4846,226
4901,226
5244,226
5314,226
5829,226
5924,226
6009,226
6103,226
1398,227
1447,227
1770,227
2737,227
2890,227
3771,227
3805,227
4285,227
4329,227
4388,227
4407,227
4821,227
4911,227
5231,227
5259,227
5306,227
5370,227
5812,227
5854,227
5910,227
5944,227
6029,227
6063,227
6143,227
6790,227
1405,228
1468,228
2773,228
2897,228
3788,228
4315,228
4816,228
4869,228
4912,228
5213,228
5271,228
5347,228
5691,228
5818,228
5887,228
5959,228
6003,228
6053,228
6092,228
6148,228
6760,228
1385,229
1457,229
1820,229
2917,229
3796,229
3815,229
4271,229
4319,229
4378,229
4804,229
4850,229
4916,229
5279,229
5372,229
5776,229
5835,229
5882,229
5990,229
6032,229
6084,229
6147,229
1376,230
1430,230
1812,230
2734,230
2854,230
2910,230
3745,230
3782,230
3808,230
4282,230
4371,230
4400,230
4844,230
4878,230
5241,230
5321,230
5376,230
5828,230
5908,230
5963,230
6037,230
6091,230
6141,230
6813,230
1419,231
2797,231
2881,231
2929,231
3789,231
3813,231
4308,231
4404,231
4828,231
4904,231
5261,231
5309,231
5802,231
5863,231
5935,231
6008,231
6094,231
6149,231
6818,231
1379,232
1431,232
1808,232
2894,232
4283,232
4337,232
4377,232
4822,232
4913,232
5223,232
5268,232
5324,232
5356,232
5795,232
5858,232
5894,232
5957,232
6016,232
6064,232
6105,232
6156,232
1399,233
1459,233
1784,233
2872,233
2937,233
4316,233
4387,233
4842,233
4899,233
5236,233
5293,233
5354,233
5804,233
5841,233
5900,233
5952,233
6163,233
6799,233
1396,234
1463,234
1824,234
2906,234
3739,234
3787,234
4257,234
4302,234
4365,234
4396,234
4807,234
4849,234
4919,234
5248,234
5814,234
5848,234
5886,234
5986,234
6030,234
6093,234
6131,234
6787,234
1404,235
1449,235
1778,235
2879,235
2935,235
3794,235
4324,235
4376,235
4791,235
4843,235
4879,235
4924,235
5242,235
5302,235
5346,235
5775,235
5815,235
5868,235
5922,235
5993,235
6036,235
6082,235
6137,235
6819,235
1782,240
4323,240
5227,240
5338,240
5934,240
5997,256
2723,257
6060,257
4814,258
6859,258
4900,259
5240,259
6801,259
4363,263
4915,263
4876,264
5363,264
5794,264
6020,264
6110,264
6820,264
1442,267
2718,267
2796,267
4296,267
4344,267
1780,268
2908,268
4279,268
6078,268
6065,269
6004,270
2876,271
3776,271
4834,271
5207,271
5798,271
5873,271
6095,271
6904,271
6807,272
5226,273
5953,274
4892,276
5367,276
6810,276
5995,277
2893,278
4771,278
6876,278
5827,302
6134,302
4304,303
4845,303
4929,303
6867,303
1495,304
5274,304
5907,304
6805,304
2757,305
4310,305
4873,305
5335,305
6798,305
2776,306
4389,306
5972,306
6162,306
6855,306
1803,307
2823,307
3822,307
4385,307
5290,307
5823,307
1500,308
1777,308
4367,308
5850,308
4888,309
4895,310
1802,311
2851,311
2938,311
5260,311
2772,312
5315,312
6885,312
2783,313
5849,313
1009,401
1493,401
6152,401
1007,402
1501,402
4369,402
6844,403
6130,404
6886,405
4817,406
6828,406
6879,407
6800,409
1481,432
6811,432
5353,433
4862,434
6854,434
6007,435
4894,436
6001,436
6865,436
6834,437
3855,FX04
3852,FX11
6785,FX13
3854,FX14
3843,FX16
1021,FX17
3848,FX17
6782,FX21
3844,FX22
3840,FX23
3850,FX24
3847,FX26
6777,FX26
3845,FX28
2852,GY02
6044,GY03
2922,GY04
2754,GY07
6796,GY07
4871,GY08
6056,GY08
6817,GY08
1805,GY09
4293,GY10
5901,GY10
2743,GY11
4299,GY11
5264,GY11
5851,GY11
6079,GY11
2928,GY12
2699,501
2713,501
2730,502
1016,503
2710,503
1003,504
1005,506
1020,506
3842,506
1018,508
2720,508
3849,508
2714,509
4425,511
5649,511
2706,L140
3837,L140
4401,L140
3853,L303
1489,L515
2707,L515
3839,LGY10
6898,412
